{
  "name": "General Alert Workflow",
  "form": "9debd5e8-877c-4cba-898d-bc4bfa743548",
  "blocks": [
    {
      "id": "ea8825fd-65aa-4ead-98eb-4bc5813ae758",
      "label": "Engage with xMatters",
      "environment": "HOSTED",
      "presentation": "{\"w\":100,\"x\":-150,\"h\":50,\"y\":-354}",
      "step": "dfde1b8a-cb18-410a-9f98-805ccb19a871",
      "stepType": "INTEGRATION"
    },
    {
      "id": "faecd783-f868-448e-a6b1-2cd823a17580",
      "label": "xMatters Create Event - General Alert",
      "environment": "HOSTED",
      "presentation": "{\"w\":60,\"x\":-312,\"h\":60,\"y\":-154}",
      "step": "9debd5e8-877c-4cba-898d-bc4bfa743548",
      "stepType": "CREATE_EVENT",
      "inputMappings": [
        {
          "inputPort": "input",
          "mapping": "xm-support",
          "sectionItemKey": "recipients"
        }
      ]
    }
  ]
}