{
  "integrations": [
    {
      "id": "1fd3c3f2-7f9e-439f-a344-bb22c4976226",
      "name": "Conference Bridge",
      "action": "CREATE_EVENT_SIMPLE",
      "type": "INBOUND_WEBHOOK",
      "deployed": true,
      "form": "a774eb5d-8332-42fb-993b-8546ef15c83f",
      "script": "var plan_id = 'c5256c36-575d-4987-8d58-69b8f208a2f9', form_id = 'a774eb5d-8332-42fb-993b-8546ef15c83f';\nvar xm_ver = 1;\n\nvar endpointpath = '/api/xm/' + xm_ver + '/plans/' + plan_id + '/forms/' + form_id + '/triggers';\n\nvar req = http.request({\n    method: 'POST',\n    endpoint: 'xMatters',\n    path: endpointpath,\n    headers: {\n        'Content-Type': 'application/json',\n    }\n});\n\n// Add requestId to payload\nvar payload = JSON.parse(request.body);\nif (!payload) {\n    payload = {};\n}\npayload.requestId = request.requestId;\npayload.integrationUUID = request.integrationUuid;\n\nvar response = req.write(payload);\n\n// If not 2xx response, throw exception to fail the integration\nif (response.statusCode >= 300) {\n    throw \"Failed to make call to xMatters endpoint. Path: \" + endpointpath + \". Server responded with status \" + response.statusCode;\n}\n\n",
      "environment": "HOSTED",
      "authType": "ANY",
      "createdBy": "IB"
    },
    {
      "id": "e85cc9df-606a-40fb-ae01-2fa49a5bb5d9",
      "name": "Conference Bridge - Outbound Comments",
      "action": "RUN_SCRIPT",
      "type": "OUTBOUND_WEBHOOK",
      "triggeredBy": "ANNOTATION",
      "deployed": true,
      "form": "a774eb5d-8332-42fb-993b-8546ef15c83f",
      "script": "var util = require('util');\nvar xmServiceNowClient = require('xm-servicenow-client');\n\nvar callback = JSON.parse(request.body);\nconsole.log('Executing outbound integration for xMatters event ID: ' + callback.eventIdentifier);\n\nxmServiceNowClient = xmServiceNowClient.buildXMServiceNowClient(constants['ServiceNow xMatters Application Prefix']);\nvar response = xmServiceNowClient.sendCommentCallback(constants['ServiceNow REST API Resource Path'], callback);\nconsole.log( JSON.stringify( response ) );\n\nif (util.isValidStatusCode(response.statusCode)) {\n    console.log('Successful callback to ServiceNow');\n} else {\n    console.log('Failed callback to ServiceNow');\n    throw 'Failed callback to ServiceNow';\n}\n",
      "environment": "HOSTED",
      "authType": "NONE",
      "createdBy": "IB"
    },
    {
      "id": "77045dbf-ea01-4195-8277-09546a942058",
      "name": "Conference Bridge - Outbound Delivery",
      "action": "RUN_SCRIPT",
      "type": "OUTBOUND_WEBHOOK",
      "triggeredBy": "DELIVERYSTATUS",
      "deployed": true,
      "form": "a774eb5d-8332-42fb-993b-8546ef15c83f",
      "script": "var util = require('util');\nvar xmServiceNowClient = require('xm-servicenow-client');\n\nvar callback = JSON.parse(request.body);\nconsole.log('Executing outbound integration for xMatters event ID: ' + callback.eventIdentifier);\n\nxmServiceNowClient = xmServiceNowClient.buildXMServiceNowClient(constants['ServiceNow xMatters Application Prefix']);\nvar response = xmServiceNowClient.sendDeliveryCallback(constants['ServiceNow REST API Resource Path'], callback);\nconsole.log( JSON.stringify( response ) );\n\nif (util.isValidStatusCode(response.statusCode)) {\n    console.log('Successful callback to ServiceNow');\n} else {\n    console.log('Failed callback to ServiceNow');\n    throw 'Failed callback to ServiceNow';\n}\n",
      "environment": "HOSTED",
      "authType": "NONE",
      "createdBy": "IB"
    },
    {
      "id": "27e77a13-2aa7-44cb-9dae-d6cb59d32af9",
      "name": "Conference Bridge - Outbound Response",
      "action": "RUN_SCRIPT",
      "type": "OUTBOUND_WEBHOOK",
      "triggeredBy": "RESPONSE",
      "deployed": true,
      "form": "a774eb5d-8332-42fb-993b-8546ef15c83f",
      "script": "var util = require('util');\nvar xmServiceNowClient = require('xm-servicenow-client');\n\nvar callback = JSON.parse(request.body);\nconsole.log('Executing outbound integration for xMatters event ID: ' + callback.eventIdentifier);\n\n// Remove any annotation from callback payload.\ndelete callback.annotation;\n\nxmServiceNowClient = xmServiceNowClient.buildXMServiceNowClient(constants['ServiceNow xMatters Application Prefix']);\nvar response = xmServiceNowClient.sendResponseCallback(constants['ServiceNow REST API Resource Path'], callback);\nconsole.log( JSON.stringify( response ) );\n\nif (util.isValidStatusCode(response.statusCode)) {\n    console.log('Successful callback to ServiceNow');\n} else {\n    console.log('Failed callback to ServiceNow');\n    throw 'Failed callback to ServiceNow';\n}\n",
      "environment": "HOSTED",
      "authType": "NONE",
      "createdBy": "IB"
    },
    {
      "id": "aa41b4df-eb8c-4069-a712-e0151ae4de2b",
      "name": "Conference Bridge - Outbound Status",
      "action": "RUN_SCRIPT",
      "type": "OUTBOUND_WEBHOOK",
      "triggeredBy": "STATUS",
      "deployed": true,
      "form": "a774eb5d-8332-42fb-993b-8546ef15c83f",
      "script": "var util = require('util');\nvar xmServiceNowClient = require('xm-servicenow-client');\n\nvar callback = JSON.parse(request.body);\nconsole.log('Executing outbound integration for xMatters event ID: ' + callback.eventIdentifier);\n\nxmServiceNowClient = xmServiceNowClient.buildXMServiceNowClient(constants['ServiceNow xMatters Application Prefix']);\nvar response = xmServiceNowClient.sendStatusCallback(constants['ServiceNow REST API Resource Path'], callback);\nconsole.log( JSON.stringify( response ) );\n\nif (util.isValidStatusCode(response.statusCode)) {\n    console.log('Successful callback to ServiceNow');\n} else {\n    console.log('Failed callback to ServiceNow');\n    throw 'Failed callback to ServiceNow';\n}\n",
      "environment": "HOSTED",
      "authType": "NONE",
      "createdBy": "IB"
    },
    {
      "id": "dfde1b8a-cb18-410a-9f98-805ccb19a871",
      "name": "Engage with xMatters",
      "action": "CREATE_EVENT_SIMPLE",
      "type": "INBOUND_WEBHOOK",
      "deployed": true,
      "form": "9debd5e8-877c-4cba-898d-bc4bfa743548",
      "script": "var plan_id = 'c5256c36-575d-4987-8d58-69b8f208a2f9', form_id = '9debd5e8-877c-4cba-898d-bc4bfa743548';\nvar xm_ver = 1;\n\nvar endpointpath = '/api/xm/' + xm_ver + '/plans/' + plan_id + '/forms/' + form_id + '/triggers';\n\nvar req = http.request({\n    method: 'POST',\n    endpoint: 'xMatters',\n    path: endpointpath,\n    headers: {\n        'Content-Type': 'application/json',\n    }\n});\n\n// Add requestId to payload\nvar payload = JSON.parse(request.body);\nif (!payload) {\n    payload = {};\n}\npayload.requestId = request.requestId;\npayload.integrationUUID = request.integrationUuid;\n\nvar response = req.write(payload);\n\n// If not 2xx response, throw exception to fail the integration\nif (response.statusCode >= 300) {\n    throw \"Failed to make call to xMatters endpoint. Path: \" + endpointpath + \". Server responded with status \" + response.statusCode;\n}\n\n",
      "environment": "HOSTED",
      "authType": "ANY",
      "createdBy": "IB"
    },
    {
      "id": "a5c800db-3dfb-42ec-a128-e5061e9a94f4",
      "name": "Engage with xMatters - Outbound Comments",
      "action": "RUN_SCRIPT",
      "type": "OUTBOUND_WEBHOOK",
      "triggeredBy": "ANNOTATION",
      "deployed": true,
      "form": "9debd5e8-877c-4cba-898d-bc4bfa743548",
      "script": "var util = require('util');\nvar xmServiceNowClient = require('xm-servicenow-client');\n\nvar callback = JSON.parse(request.body);\nconsole.log('Executing outbound integration for xMatters event ID: ' + callback.eventIdentifier);\n\nxmServiceNowClient = xmServiceNowClient.buildXMServiceNowClient(constants['ServiceNow xMatters Application Prefix']);\nvar response = xmServiceNowClient.sendCommentCallback(constants['ServiceNow REST API Resource Path'], callback);\nconsole.log( JSON.stringify( response ) );\n\nif (util.isValidStatusCode(response.statusCode)) {\n    console.log('Successful callback to ServiceNow');\n} else {\n    console.log('Failed callback to ServiceNow');\n    throw 'Failed callback to ServiceNow';\n}\n",
      "environment": "HOSTED",
      "authType": "NONE",
      "createdBy": "IB"
    },
    {
      "id": "b3f8ae84-b8d7-44c8-9cbc-2f642e60fffd",
      "name": "Engage with xMatters - Outbound Delivery",
      "action": "RUN_SCRIPT",
      "type": "OUTBOUND_WEBHOOK",
      "triggeredBy": "DELIVERYSTATUS",
      "deployed": true,
      "form": "9debd5e8-877c-4cba-898d-bc4bfa743548",
      "script": "var util = require('util');\nvar xmServiceNowClient = require('xm-servicenow-client');\n\nvar callback = JSON.parse(request.body);\nconsole.log('Executing outbound integration for xMatters event ID: ' + callback.eventIdentifier);\n\nxmServiceNowClient = xmServiceNowClient.buildXMServiceNowClient(constants['ServiceNow xMatters Application Prefix']);\nvar response = xmServiceNowClient.sendDeliveryCallback(constants['ServiceNow REST API Resource Path'], callback);\nconsole.log( JSON.stringify( response ) );\n\nif (util.isValidStatusCode(response.statusCode)) {\n    console.log('Successful callback to ServiceNow');\n} else {\n    console.log('Failed callback to ServiceNow');\n    throw 'Failed callback to ServiceNow';\n}\n",
      "environment": "HOSTED",
      "authType": "NONE",
      "createdBy": "IB"
    },
    {
      "id": "f628955e-5938-4844-91b1-22d0f4857e1f",
      "name": "Engage with xMatters - Outbound Response",
      "action": "RUN_SCRIPT",
      "type": "OUTBOUND_WEBHOOK",
      "triggeredBy": "RESPONSE",
      "deployed": true,
      "form": "9debd5e8-877c-4cba-898d-bc4bfa743548",
      "script": "var util = require('util');\nvar xmServiceNowClient = require('xm-servicenow-client');\n\nvar callback = JSON.parse(request.body);\nconsole.log('Executing outbound integration for xMatters event ID: ' + callback.eventIdentifier);\n\n// Remove any annotation from callback payload.\ndelete callback.annotation;\n\nxmServiceNowClient = xmServiceNowClient.buildXMServiceNowClient(constants['ServiceNow xMatters Application Prefix']);\nvar response = xmServiceNowClient.sendResponseCallback(constants['ServiceNow REST API Resource Path'], callback);\nconsole.log( JSON.stringify( response ) );\n\nif (util.isValidStatusCode(response.statusCode)) {\n    console.log('Successful callback to ServiceNow');\n} else {\n    console.log('Failed callback to ServiceNow');\n    throw 'Failed callback to ServiceNow';\n}\n",
      "environment": "HOSTED",
      "authType": "NONE",
      "createdBy": "IB"
    },
    {
      "id": "dd4d36a0-d742-41cc-8ffe-007ad3ded74e",
      "name": "Engage with xMatters - Outbound Status",
      "action": "RUN_SCRIPT",
      "type": "OUTBOUND_WEBHOOK",
      "triggeredBy": "STATUS",
      "deployed": true,
      "form": "9debd5e8-877c-4cba-898d-bc4bfa743548",
      "script": "var util = require('util');\nvar xmServiceNowClient = require('xm-servicenow-client');\n\nvar callback = JSON.parse(request.body);\nconsole.log('Executing outbound integration for xMatters event ID: ' + callback.eventIdentifier);\n\nxmServiceNowClient = xmServiceNowClient.buildXMServiceNowClient(constants['ServiceNow xMatters Application Prefix']);\nvar response = xmServiceNowClient.sendStatusCallback(constants['ServiceNow REST API Resource Path'], callback);\nconsole.log( JSON.stringify( response ) );\n\nif (util.isValidStatusCode(response.statusCode)) {\n    console.log('Successful callback to ServiceNow');\n} else {\n    console.log('Failed callback to ServiceNow');\n    throw 'Failed callback to ServiceNow';\n}\n",
      "environment": "HOSTED",
      "authType": "NONE",
      "createdBy": "IB"
    },
    {
      "id": "a64f5031-f6ea-4058-9198-b52c48f6f4c9",
      "name": "Primary Inbound",
      "action": "RUN_SCRIPT",
      "type": "INBOUND_WEBHOOK",
      "deployed": true,
      "script": "const payload = JSON.parse(request.body);\n\n// using JSON.parse to convert to boolean\nconst isConference = JSON.parse(payload.properties.task_isConference);\nconsole.log(\"isConference: \" + isConference + \" is type of \" + typeof isConference);\n\npayload.priority = 'MEDIUM';\n\nvar xmevent = require('xMattersEvent');\n\nif (isConference) {\n    \n  // forcing to external\n  var conference = {};\n  conference.bridgeId = payload.conferences[0].name;\n  conference.type = \"EXTERNAL\";\n  conference.bridgeNumber = payload.properties.task_passcode;\n  delete payload.conferences;\n\n  payload.conference = conference;\n    \n  xmevent.initiate(payload, constants['xMatters Endpoint'], constants['Conference Bridge URL']);\n  console.log('Conference Bridge: ' + JSON.stringify(payload));\n\n} else {\n\n  xmevent.initiate(payload, constants['xMatters Endpoint'], constants['Engage with xMatters URL']);\n  console.log('Engage with xMatters: ' + JSON.stringify(payload));\n}",
      "environment": "HOSTED",
      "authType": "ANY",
      "createdBy": "IB"
    }
  ],
  "endpoints": [
    {
      "name": "ServiceNow",
      "baseUrl": "https://dev57605.service-now.com",
      "type": "EXTERNAL",
      "authentication": "SERVICENOW"
    },
    {
      "name": "xMatters1",
      "baseUrl": "https://matthenry.cs1.xmatters.com",
      "type": "EXTERNAL",
      "authentication": "BASIC"
    }
  ],
  "constants": [
    {
      "name": "Conference Bridge URL",
      "value": "/api/integration/1/functions/1fd3c3f2-7f9e-439f-a344-bb22c4976226/triggers"
    },
    {
      "name": "Engage with xMatters URL",
      "value": "/api/integration/1/functions/dfde1b8a-cb18-410a-9f98-805ccb19a871/triggers",
      "description": "/api/integration/1/functions/{{UUID}}/triggers"
    },
    {
      "name": "ServiceNow REST API Resource Path",
      "value": "engage_workflow"
    },
    {
      "name": "ServiceNow xMatters Application Prefix",
      "value": "x_xma_xmatters",
      "description": "The prefix applied to all pieces of the xMatters Application within ServiceNow"
    },
    {
      "name": "xMatters Endpoint",
      "value": "xMatters1",
      "description": "xMatters Endpoint for Authentication"
    }
  ]
}