[
  {
    "baseType": 3,
    "name": "cmdb_ci",
    "defaultValue": "",
    "description": "",
    "helpText": "",
    "isSystem": false,
    "minLength": 0,
    "maxLength": 2000,
    "validationRegex": "",
    "isValidate": false,
    "uuid": "30c37d29-e338-482a-ab66-b1d7ac76592d"
  },
  {
    "baseType": 3,
    "name": "number",
    "defaultValue": "",
    "description": "",
    "helpText": "",
    "isSystem": false,
    "minLength": 0,
    "maxLength": 2000,
    "validationRegex": "",
    "isValidate": false,
    "uuid": "f94420a9-cecf-43df-9ef1-c6767acdbb89"
  },
  {
    "baseType": 3,
    "name": "priority",
    "defaultValue": "",
    "description": "",
    "helpText": "",
    "isSystem": false,
    "minLength": 0,
    "maxLength": 2000,
    "validationRegex": "",
    "isValidate": false,
    "uuid": "aa9a46c6-03cf-4706-a292-cced6e8a7f3b"
  },
  {
    "baseType": 3,
    "name": "short_description",
    "defaultValue": "",
    "description": "",
    "helpText": "",
    "isSystem": false,
    "minLength": 0,
    "maxLength": 20000,
    "validationRegex": "",
    "isValidate": false,
    "uuid": "416e3c16-375e-4d70-bba7-f8e96f73e75e"
  },
  {
    "baseType": 3,
    "name": "sys_class_name",
    "defaultValue": "",
    "description": "",
    "helpText": "",
    "isSystem": false,
    "minLength": 0,
    "maxLength": 2000,
    "validationRegex": "",
    "isValidate": false,
    "uuid": "907dffde-bdc9-4026-ad9f-d51328aa47e8"
  },
  {
    "baseType": 3,
    "name": "sys_id",
    "defaultValue": "",
    "description": "",
    "helpText": "",
    "isSystem": false,
    "minLength": 0,
    "maxLength": 2000,
    "validationRegex": "",
    "isValidate": false,
    "uuid": "c7bcc881-adf5-461c-bd10-946ff739a59b"
  },
  {
    "baseType": 3,
    "name": "task_date_time_moment_format",
    "defaultValue": "",
    "description": "",
    "helpText": "",
    "isSystem": false,
    "minLength": 0,
    "maxLength": 2000,
    "validationRegex": "",
    "isValidate": false,
    "uuid": "47159f15-3859-41bd-bfd6-93ccc8afb84f"
  },
  {
    "baseType": 3,
    "name": "task_meeting_link",
    "defaultValue": "",
    "description": "",
    "helpText": "",
    "isSystem": false,
    "minLength": 0,
    "maxLength": 2000,
    "validationRegex": "",
    "isValidate": false,
    "uuid": "fe1b7cf1-5614-4383-b451-f65c77553cde"
  },
  {
    "baseType": 3,
    "name": "task_message",
    "defaultValue": "",
    "description": "",
    "helpText": "",
    "isSystem": false,
    "minLength": 0,
    "maxLength": 2000,
    "validationRegex": "",
    "isValidate": false,
    "uuid": "1fa02421-2a1c-4114-abbd-3639fa0bc606"
  },
  {
    "baseType": 3,
    "name": "task_passcode",
    "defaultValue": "",
    "description": "",
    "helpText": "",
    "isSystem": false,
    "minLength": 0,
    "maxLength": 2000,
    "validationRegex": "",
    "isValidate": false,
    "uuid": "f916c269-15bc-42de-a9ec-6b61ddc28ed9"
  },
  {
    "baseType": 3,
    "name": "task_sys_id",
    "defaultValue": "",
    "description": "",
    "helpText": "",
    "isSystem": false,
    "minLength": 0,
    "maxLength": 2000,
    "validationRegex": "",
    "isValidate": false,
    "uuid": "3ce2b8eb-7e57-42d6-9ce3-84a0bb472d55"
  },
  {
    "baseType": 3,
    "name": "task_type",
    "defaultValue": "",
    "description": "",
    "helpText": "",
    "isSystem": false,
    "minLength": 0,
    "maxLength": 2000,
    "validationRegex": "",
    "isValidate": false,
    "uuid": "53cf7847-be44-43aa-abaf-d542007a9870"
  }
]